North West Delhi,North Delhi,North East Delhi,Central Delhi,New Delhi,East Delhi,South Delhi,South West Delhi, West Delhi
Adarsh Nagar,Civil Lines,Dilshad Garden,Chandni Chowk,Barakhamba Road,East Vinod Nagar,Alaknanda,"Dabri, New Delhi",Ashok Nagar
Ashok Vihar,Gulabi Bagh,Naveen Shahdara,Daryaganj,Chanakyapuri,Jhilmil Colony,Chattarpur,Dwarka Sub City,Bali Nagar
Begum Pur,Kamla Nagar,New Usmanpur,Jhandewalan,Connaught Place,Laxmi Nagar,Chittaranjan Park,Delhi Cantonment,Fateh Nagar
Karala,Kashmiri Gate,Shahdara,Karol Bagh,Gole Market,Mayur Vihar,Defence Colony,Dhaula Kuan,Kirti Nagar
Model Town,Kotwali,Shastri Park,Shastri Nagar,INA Colony,Pandav Nagar,East of Kailash,Inderpuri,Moti Nagar
Narela,Mori Gate; Delhi,Yamuna Vihar,Kishanganj,Laxmibai Nagar,Preet Vihar,Govindpuri,Mahipalpur,Paschim Vihar
Pitam Pura,Sadar Bazaar,,Paharganj,Pragati Maidan,Anand Vihar,Greater Kailash,Moti Bagh,Patel Nagar
Rohini Sub City,Sarai Rohilla,,Rajender Nagar,,Vasundhara Enclave,Green Park,Munirka,Punjabi Bagh
Shalimar Bagh,Shakti Nagar,,,,Vishwas Nagar,Gulmohar Park,Najafgarh,Rajouri Garden
,Tis Hazari,,,,Vivek Vihar,Hauz Khas,Naraina Vihar,Tihar Village
,Timarpur,,,,Kamal Hans Nagar,Hauz Khas Village,Palam,Tilak Nagar
,Wazirabad,,,,,Jangpura,Rama Krishna Puram,Vikas Nagar
,,,,,,Jor Bagh,Sagar Pur,Vikaspuri
,,,,,,Kalkaji,Vasant Kunj,
,,,,,,Khanpur,Vasant Vihar,
,,,,,,Lajpat Nagar,,
,,,,,,Lodi Colony,,
,,,,,,Malviya Nagar,,
,,,,,,Mehrauli,,
,,,,,,Neeti Bagh,,
,,,,,,Nehru Place,,
,,,,,,Netaji Nagar,,
,,,,,,New Friends Colony,,
,,,,,,Nizamuddin West,,
,,,,,,Okhla,,
,,,,,,Safdarjung Enclave,,
,,,,,,Sainik Farm,,
,,,,,,Saket,,
,,,,,,Sangam Vihar,,
,,,,,,Sarita Vihar,,
,,,,,,Sarojini Nagar,,
,,,,,,Sarvodaya Enclave,,
,,,,,,Siri Fort,,
,,,,,,South Extension,,
,,,,,,Sriniwaspuri,,
,,,,,,Sundar Nagar,,
,,,,,,Tughlaqabad,,
,,,,,,Badarpur,,
